<?xml version="1.0" encoding="UTF-8"?>
<project-private xmlns="http://www.netbeans.org/ns/project-private/1">
    <editor-bookmarks xmlns="http://www.netbeans.org/ns/editor-bookmarks/2" lastBookmarkId="0"/>
    <open-files xmlns="http://www.netbeans.org/ns/projectui-open-files/2">
        <group>
            <file>file:/C:/Users/velas/OneDrive/Documentos/NetBeansProjects/Practica2_202100054_IPC1_%20Victor%20Velasquez/src/Clases/Hilos.java</file>
            <file>file:/C:/Users/velas/OneDrive/Documentos/NetBeansProjects/Practica2_202100054_IPC1_%20Victor%20Velasquez/src/Clases/Hilo2.java</file>
            <file>file:/C:/Users/velas/OneDrive/Documentos/NetBeansProjects/Practica2_202100054_IPC1_%20Victor%20Velasquez/src/Clases/Simulacion.java</file>
            <file>file:/C:/Users/velas/OneDrive/Documentos/NetBeansProjects/Practica2_202100054_IPC1_%20Victor%20Velasquez/src/Clases/Timer.java</file>
            <file>file:/C:/Users/velas/OneDrive/Documentos/NetBeansProjects/Practica2_202100054_IPC1_%20Victor%20Velasquez/src/Clases/nodo.java</file>
            <file>file:/C:/Users/velas/OneDrive/Documentos/NetBeansProjects/Practica2_202100054_IPC1_%20Victor%20Velasquez/src/Clases/MenuPrincipal.java</file>
        </group>
    </open-files>
</project-private>
